key,username,reddit,drivelink,description,drivename,
Chilli_Axe,u/Chilli_Axe,https://www.reddit.com/user/Chilli_Axe/,https://drive.google.com/open?id=1CUaOPDZM84dk85Kvp6fGrqZVPDo4jQJo,High res cards rendered in Photoshop with from-scratch templates,Chilli Axe,
Proxycommander,u/proxycommander,https://www.reddit.com/user/proxycommander/,https://drive.google.com/drive/folders/1z5Xa1qiT5Tbhx4wJH1jQWR74AbkyeZ_R,"High res cards rendered in Photoshop, including masterpieces and expeditions",Digital Red,
nofacej,u/nofacej,https://www.reddit.com/user/nofacej/,https://drive.google.com/drive/folders/1xbWFU2bXCTit1Nvij2GIuzfTUVRVtf3N,Custom cardbacks in a style based on MTG Arena's wildcards,Jake Rowe,
Bazukii,u/Bazukii,https://www.reddit.com/user/Bazukii/,https://drive.google.com/open?id=17whjecbdN1Z463FuEH5Lb7V28qph5pat,Custom cards rendered in Photoshop in a variety of creative styles,Bazuki Alters,
hathwellcrisping,u/hathwellcrisping,https://www.reddit.com/user/hathwellcrisping/,https://drive.google.com/open?id=1LnLsMSSmNs0TPnSzVuS86O153N_6d7LH,High res cards rendered in Photoshop,Karlin Courtney,
male_MPC,u/male-mpc,https://www.reddit.com/user/male-mpc,,Cards rendered in a dark frame with extended art,Alastair Jack,
Warpdandy01,u/Warpdandy01,https://www.reddit.com/user/Warpdandy01,https://drive.google.com/drive/folders/170_LZjeOSMGEqXewrGF6laVEG-R3QZsc,Full art cards,Alexander Ashbaker,
iDerp69,u/iDerp69,https://www.reddit.com/user/iderp69,https://drive.google.com/drive/folders/1fbVYpuh1slaRgPkHiV0Ra9DCzBXch_gE,"Cards in a unique, classicshifted style",i Derp,
Celid_of_the_wind,u/Celid_of_the_wind,https://www.reddit.com/user/Celid_of_the_wind,https://drive.google.com/drive/folders/1bGGJAClFd-FYrSNWPi2QNDt7A5BAVJnq,Cards in a style inspired by ASAPproxies,Tristan DELMAS,
MTG Romance,u/IiIPongo,https://www.reddit.com/user/IiIPongo/,https://drive.google.com/drive/mobile/folders/1kBFMLLn3kDVPK6Ctzzxs8AEWv3T1982W,"Cards with Romantic-style artwork and frames, mostly lands",Thomas Sims,
MrChow1917,u/MrChow1917,https://www.reddit.com/user/MrChow1917,https://drive.google.com/drive/folders/1KkbGl_-quZHZeBpMv6yWk3U-GsM8wkrH,Cards featuring Dan Mumford's art,Trey Kapfer,
tsunii,u/tsunii,https://www.reddit.com/user/tsunii,https://drive.google.com/drive/folders/1kN9q_EgTOIKhe4ipY7dmDpGuh9iykpIh,High res box topper and full art card rendered in Photoshop,Stefan E.,
Galtego,u/Galtego,https://www.reddit.com/u/Galtego,https://drive.google.com/drive/folders/1cLOX8DPrwD01DcXwDIsnYBHaNo841Isb,Custom cards rendered in Photoshop in a variety of creative styles,J W,
SilvanMTG,u/SilvanMTG,https://www.reddit.com/user/SilvanMTG,https://drive.google.com/drive/folders/1q4qA5exFcVcd8N5S_g8Dt3kCmARrTPpJ,Custom cards rendered in Photoshop in a variety of creative styles,Silvan,
VittorioMasia,u/VittorioMasia,https://www.reddit.com/user/VittorioMasia,https://drive.google.com/drive/folders/1rFCAV1uFnJO3gtZnC3GZne5fIQVf9fV2,Custom cards rendered in Photoshop in a variety of creative styles,Vittorio Masia,
CompC,u/CompC,https://www.reddit.com/user/CompC,https://drive.google.com/drive/folders/1Z0saK2t86Jjy46uJ3KiTYuX4bV22bJsq,Custom cards rendered in Photoshop in a variety of creative styles,Joshua Birnholz,
Darkpingouin,u/Darkpingouin,https://www.reddit.com/user/Darkpingouin,https://drive.google.com/drive/u/0/mobile/folders/1KIzc6FLgQWq6iJFoJseX-xnHKLiJlRDa,Full-art cards rendered in Photoshop,Darkpingouin Proxy,
TheDarkSidePSA,u/TheDarkSidePSA,https://www.reddit.com/user/TheDarkSidePSA,https://drive.google.com/drive/folders/1gXPzQdwFBupK-rSufGtZEjGvrYSVDjod,Cards in various styles,Alex Wolfe,
Bobungus,u/bobungus-owl,https://www.reddit.com/user/bobungus-owl,https://drive.google.com/drive/folders/1ALN654xsm2DP5M9ak_lI-nSwY5xdR7Yu,Cards in various styles,Bob Ungus,
Gikkman,u/Gikkman,https://www.reddit.com/user/Gikkman,https://drive.google.com/drive/folders/15I7bdL8-7Dt2Z9qfT6QKnWHaR3bQa3fA,Cards in various styles,Simon,
Chiky,u/xchikyx,https://www.reddit.com/user/xchikyx,https://drive.google.com/folderview?id=12ObP2ElB78nrFUEFpsb6LnEHhu5ppYEp,Cards in various styles,Chiky Scares You,
Willie_Tanner,u/WillieTannerPRXY,https://www.reddit.com/user/WillieTannerPRXY,https://drive.google.com/drive/folders/1s9HHE3zFStMi5tIjSxG5L_5dvAnfBkFy,Cards in various styles,Chris Hickman,
PurpleFlurp,u/Purpleflurpical,https://www.reddit.com/user/Purpleflurpical,https://drive.google.com/drive/folders/1d9S23HMCVAQsIhX3hp93e0bUI_rkZ9dw,Cards in various styles,Joshua Apisdorf,
kelpsk,u/kelpsk,https://www.reddit.com/user/kelpsk,https://drive.google.com/drive/u/1/folders/1ezcj0JZ4qj9AjKZGZztvl6oMCepnx7H0,Full-art cards rendered in Photoshop,Kellie P,
fireantprincess,@feuer_ameise,https://twitter.com/feuer_ameise,https://drive.google.com/open?id=1jsQYQZd-VtvSULtPT-rtJ_GZvUaGDoe3,Cards in unique and creative styles,Charlotte Böhm,
ImKyle4815,@ImKyle4815,https://twitter.com/ImKyle4815,https://drive.google.com/drive/u/0/folders/1ylFXe0w_NPUJPt_mbmjvCMudVlEnjR5e,Cards in unique and creative styles,Kyle Burton,
Alucardmike,u/Alucardmike,https://www.reddit.com/user/Alucardmike,https://drive.google.com/drive/folders/12NjljwI1SN71lw2x-vjaZYEBaFgA2IRs,Extended art and full art cards,Alucard Akado,
purplexbatman,u/purplexbatman,https://www.reddit.com/user/purplexbatman,https://drive.google.com/drive/folders/1v-AM8tDsKcXK4aLp4f0AztC4vhY5qs30,Cards in unique and creative styles,Panda Proxy,
Kompy_87,u/Kompy_87,https://www.reddit.com/user/Kompy_87,https://drive.google.com/drive/folders/1sGIO-BY4q-vE_LdLq6vOezgnGeyWentu,Cards in unique and creative styles,Kompreya Burton,
Torch-Proxies,u/Torch-Proxies,https://www.reddit.com/user/Torch-Proxies,https://drive.google.com/drive/folders/1MWCW4VKb-36gioem19tAmlkmg6S2clvs,Extended art and full art cards,Torch Proxies,
KhalMarx,u/KhalMarx,https://www.reddit.com/user/KhalMarx,https://drive.google.com/drive/folders/1YEPsT5ORUyfR0zX6IW_dCF9SDRtsJ_wx?usp=sharing,Extended art and full art cards,Khal Marx,
Celestial_Mantle,u/Celestial_Mantle,https://www.reddit.com/user/Celestial_Mantle,https://drive.google.com/drive/u/1/folders/1uIzJCqgNqIwCyVK5eWhH6sHT4E9EN98u,Alt-art old-school and full art cards,Snoozish,
BeardedBeowolf,u/Football41,https://www.reddit.com/user/Football41,https://drive.google.com/drive/u/1/folders/1DiufSeltvZOi7fOU2aeaM6Ditvq2HYhb,Full art cards,Cameron Allen,
Desjani,u/jaredtritsch,https://www.reddit.com/user/jaredtritsch,https://drive.google.com/drive/folders/1fYFqnplLHCZL-b1SPjcR4wMAU7AvZ_kr?usp=sharing,Full art and alt art cards,Jared Tritsch,
DrDolathan,u/DrDolathan,https://www.reddit.com/user/DrDolathan,https://drive.google.com/drive/folders/17PUQ4HUqeBRQ0PfF3iZaj-GKsfr8z9zf,Aged and alternate art cards,Rémy Sauvé,
FoeofNight,u/FoeofNight,https://www.reddit.com/user/foeofnight,https://drive.google.com/drive/folders/1oKEokSpMVdfFrD0FecOuE9AnBiRzgWH1,Alt art and full art cards,John,
coop,u/coopcoopcoop_,https://www.reddit.com/user/coopcoopcoop_,https://drive.google.com/drive/folders/1_c6NZncy4U38DS5Ryo5lQ29A-iujnwgv,Alt art and full art cards,coop McProxy,
Warpaint-Design,u/Warpaint-Design,https://www.reddit.com/user/Warpaint-Design,https://drive.google.com/drive/folders/1DWfMzx2tWN_ORCLekxVr6PbjUQXBn4ZF,Alt art and full art cards,The Warchief,
Tomcatdye,u/Tomcatdye,https://www.reddit.com/user/Tomcatdye,https://drive.google.com/drive/folders/1mcsrdCbvm-AutQHLxSRfRAtLJuyGWwFk,Alt art and full art cards,Thomas Dye,
TheProxyWars,u/TheProxyWars,https://www.reddit.com/user/TheProxyWars,https://drive.google.com/drive/folders/1EOj9dokcSyMRbVGJVgEC7KB-MJ3SJci1,Alt art and full art cards,The Proxy Wars,
phene,@WAVFilter,https://twitter.com/WAVFilter,https://drive.google.com/drive/folders/10wwD8TarwBzlieSW4vSNCtZVYvgjwz00,Classic-framed cards in normal and full-art styles,Joseph G,
BananaPie,BananaPie,,https://drive.google.com/drive/folders/10A304Ne2g-DjYqE-zWMRMeem1lt8lTnB,Full art and alt art cards,Dylan Rongé,
DonSinga,u/DonSinga,https://www.reddit.com/user/DonSinga,https://drive.google.com/drive/folders/1bGuZuM9Ccol0I-1W6FJ3W0fB4gkUYqen,Extended art and full-art cards,Watthe,
ropes4u,u/ropes4u,https://www.reddit.com/user/ropes4u,https://drive.google.com/drive/folders/1ykzhkOeybhqwjnfc08wWMX__lpJ3RgHr,Alt art cards and cards in various styles,John C,
CoffeeKing68,u/CoffeeKing68,https://www.reddit.com/user/CoffeeKing68,https://drive.google.com/drive/folders/1zoS-PWB71e8Anzm0tJAI66M04nyTWTdT,Extended art and full art cards,Ashley Minshall,
TheGnomeRobotic,u/TheGnomeRobotic,https://www.reddit.com/user/TheGnomeRobotic,https://drive.google.com/drive/u/0/folders/1ZwdMrTrxUQHhLkPqjtT3PPVvBvLIHJz_,Cards in a minimalist dark frame,Robert Jones,
LLLulu-22,u/LLLulu-22,https://www.reddit.com/user/lllulu-22,https://drive.google.com/drive/folders/1rZ1UcgplwteU-Apo8G4lxHLomEKufrsG,Extended art and full-art cards,Froggystrap,
berndt_toast83,u/berndt_toast83,https://www.reddit.com/user/berndt_toast83,https://drive.google.com/open?id=13oOobsLCqbhTM-A0JeWTOT0KJ6UZiDkW,Tens of thousands of print-ready and cleaned Scryfall scans,Bryan Berndt,
